Samples,Source Plate Barcode,Source Well,Destination Plate Barcode,Destination Well,Transfer volume 
ICE-0316,Plate 1,B6,Final plate part 1 ,F13,125
ICE-0317,Plate 1,B6,Final plate part 1 ,F14,125
ICE-0318,Plate 1,B6,Final plate part 1,F15,125
ICE-0319,Plate 1,B6,Final plate part 1,F16,125
ICE-0320,Plate 1,B6,Final plate part 1,F17,125
ICE-0321,Plate 1,B6,Final plate part 1,F18,125
ICE-0322,Plate 1,B6,Final plate part 1,F19,125
ICE-0323,Plate 1,B6,Final plate part 1,F20,125
ICE-0324,Plate 1,B6,Final plate part 1,F21,125
ICE-0325,Plate 1,B6,Final plate part 1,F22,125
ICE-0326,Plate 1,B6,Final plate part 1,F23,125
ICE-0327,Plate 1,B6,Final plate part 1,G13,125
ICE-0328,Plate 1,B6,Final plate part 1,G14,125
ICE-0329,Plate 1,B6,Final plate part 1,G15,125
ICE-0330,Plate 1,B6,Final plate part 1,G16,125
ICE-0331,Plate 1,B6,Final plate part 1,G17,125
ICE-0332,Plate 1,B6,Final plate part 1,G18,125
ICE-0333,Plate 1,B6,Final plate part 1,G19,125
ICE-0334,Plate 1,A2,Final plate part 1,G20,125
ICE-0335,Plate 1,A2,Final plate part 1,G21,125
ICE-0336,Plate 1,A2,Final plate part 1,G22,125
ICE-0337,Plate 1,A2,Final plate part 1,G23,125
ICE-0338,Plate 1,A2,Final plate part 1,H13,125
ICE-0339,Plate 1,A2,Final plate part 1,H14,125
ICE-0340,Plate 1,A2,Final plate part 1,H15,125
ICE-0341,Plate 1,A2,Final plate part 1,H16,125
ICE-0342,Plate 1,A2,Final plate part 1,H17,125
ICE-0343,Plate 1,A2,Final plate part 1,H18,125
ICE-0344,Plate 1,A2,Final plate part 1,H19,125
ICE-0345,Plate 1,A2,Final plate part 1,H20,125
ICE-0346,Plate 1,A2,Final plate part 1,H21,125
ICE-0347,Plate 1,A2,Final plate part 1,H22,125
ICE-0348,Plate 1,A2,Final plate part 1,H23,125
ICE-0349,Plate 1,A2,Final plate part 1,I13,125
ICE-0350,Plate 1,A2,Final plate part 1,I14,125
ICE-0351,Plate 1,A2,Final plate part 1,I15,125
ICE-0352,Plate 1,A3,Final plate part 1,I16,125
ICE-0353,Plate 1,A3,Final plate part 1,I17,125
ICE-0354,Plate 1,A3,Final plate part 1,I18,125
ICE-0355,Plate 1,A3,Final plate part 1,I19,125
ICE-0356,Plate 1,A3,Final plate part 1,I20,125
ICE-0357,Plate 1,A3,Final plate part 1,I21,125
ICE-0358,Plate 1,A3,Final plate part 1,I22,125
ICE-0359,Plate 1,A3,Final plate part 1,I23,125
ICE-0360,Plate 1,A3,Final plate part 1,J13,125
ICE-0361,Plate 1,A3,Final plate part 1,J14,125
ICE-0362,Plate 1,A3,Final plate part 1,J15,125
ICE-0363,Plate 1,A3,Final plate part 1,J16,125
ICE-0364,Plate 1,A3,Final plate part 1,J17,125
ICE-0365,Plate 1,A3,Final plate part 1,J18,125
ICE-0366,Plate 1,A3,Final plate part 1,J19,125
ICE-0367,Plate 1,A3,Final plate part 1,J20,125
ICE-0368,Plate 1,A3,Final plate part 1,J21,125
ICE-0369,Plate 1,A3,Final plate part 1,J22,125
ICE-0316,Plate 1,A4,Final plate part 1,F13,125
ICE-0317,Plate 1,A4,Final plate part 1,F14,125
ICE-0318,Plate 1,A4,Final plate part 1,F15,125
ICE-0319,Plate 1,A4,Final plate part 1,F16,125
ICE-0320,Plate 1,A4,Final plate part 1,F17,125
ICE-0321,Plate 1,A4,Final plate part 1,F18,125
ICE-0322,Plate 1,A5,Final plate part 1,F19,125
ICE-0323,Plate 1,A5,Final plate part 1,F20,125
ICE-0324,Plate 1,A5,Final plate part 1,F21,125
ICE-0325,Plate 1,A5,Final plate part 1,F22,125
ICE-0326,Plate 1,A5,Final plate part 1,F23,125
ICE-0327,Plate 1,A5,Final plate part 1,G13,125
ICE-0328,Plate 1,A6,Final plate part 1,G14,125
ICE-0329,Plate 1,A6,Final plate part 1,G15,125
ICE-0330,Plate 1,A6,Final plate part 1,G16,125
ICE-0331,Plate 1,A6,Final plate part 1,G17,125
ICE-0332,Plate 1,A6,Final plate part 1,G18,125
ICE-0333,Plate 1,A6,Final plate part 1,G19,125
ICE-0334,Plate 1,A4,Final plate part 1,G20,125
ICE-0335,Plate 1,A4,Final plate part 1,G21,125
ICE-0336,Plate 1,A4,Final plate part 1,G22,125
ICE-0337,Plate 1,A4,Final plate part 1,G23,125
ICE-0338,Plate 1,A4,Final plate part 1,H13,125
ICE-0339,Plate 1,A4,Final plate part 1,H14,125
ICE-0340,Plate 1,A5,Final plate part 1,H15,125
ICE-0341,Plate 1,A5,Final plate part 1,H16,125
ICE-0342,Plate 1,A5,Final plate part 1,H17,125
ICE-0343,Plate 1,A5,Final plate part 1,H18,125
ICE-0344,Plate 1,A5,Final plate part 1,H19,125
ICE-0345,Plate 1,A5,Final plate part 1,H20,125
ICE-0346,Plate 1,A6,Final plate part 1,H21,125
ICE-0347,Plate 1,A6,Final plate part 1,H22,125
ICE-0348,Plate 1,A6,Final plate part 1,H23,125
ICE-0349,Plate 1,A6,Final plate part 1,I13,125
ICE-0350,Plate 1,A6,Final plate part 1,I14,125
ICE-0351,Plate 1,A6,Final plate part 1,I15,125
ICE-0352,Plate 1,A4,Final plate part 1,I16,125
ICE-0353,Plate 1,A4,Final plate part 1,I17,125
ICE-0354,Plate 1,A4,Final plate part 1,I18,125
ICE-0355,Plate 1,A4,Final plate part 1,I19,125
ICE-0356,Plate 1,A4,Final plate part 1,I20,125
ICE-0357,Plate 1,A4,Final plate part 1,I21,125
ICE-0358,Plate 1,A5,Final plate part 1,I22,125
ICE-0359,Plate 1,A5,Final plate part 1,I23,125
ICE-0360,Plate 1,A5,Final plate part 1,J13,125
ICE-0361,Plate 1,A5,Final plate part 1,J14,125
ICE-0362,Plate 1,A5,Final plate part 1,J15,125
ICE-0363,Plate 1,A5,Final plate part 1,J16,125
ICE-0364,Plate 1,A6,Final plate part 1,J17,125
ICE-0365,Plate 1,A6,Final plate part 1,J18,125
ICE-0366,Plate 1,A6,Final plate part 1,J19,125
ICE-0367,Plate 1,A6,Final plate part 1,J20,125
ICE-0368,Plate 1,A6,Final plate part 1,J21,125
ICE-0369,Plate 1,A6,Final plate part 1,J22,125
ICE-0316,Plate 1,B1,Final plate part 1,F13,125
ICE-0317,Plate 1,B1,Final plate part 1,F14,125
ICE-0318,Plate 1,B2,Final plate part 1,F15,125
ICE-0319,Plate 1,B2,Final plate part 1,F16,125
ICE-0320,Plate 1,B3,Final plate part 1,F17,125
ICE-0321,Plate 1,B3,Final plate part 1,F18,125
ICE-0322,Plate 1,B1,Final plate part 1,F19,125
ICE-0323,Plate 1,B1,Final plate part 1,F20,125
ICE-0324,Plate 1,B2,Final plate part 1,F21,125
ICE-0325,Plate 1,B2,Final plate part 1,F22,125
ICE-0326,Plate 1,B3,Final plate part 1,F23,125
ICE-0327,Plate 1,B3,Final plate part 1,G13,125
ICE-0328,Plate 1,B1,Final plate part 1,G14,125
ICE-0329,Plate 1,B1,Final plate part 1,G15,125
ICE-0330,Plate 1,B2,Final plate part 1,G16,125
ICE-0331,Plate 1,B2,Final plate part 1,G17,125
ICE-0332,Plate 1,B3,Final plate part 1,G18,125
ICE-0333,Plate 1,B3,Final plate part 1,G19,125
ICE-0334,Plate 1,B1,Final plate part 1,G20,125
ICE-0335,Plate 1,B1,Final plate part 1,G21,125
ICE-0336,Plate 1,B2,Final plate part 1,G22,125
ICE-0337,Plate 1,B2,Final plate part 1,G23,125
ICE-0338,Plate 1,B3,Final plate part 1,H13,125
ICE-0339,Plate 1,B3,Final plate part 1,H14,125
ICE-0340,Plate 1,B1,Final plate part 1,H15,125
ICE-0341,Plate 1,B1,Final plate part 1,H16,125
ICE-0342,Plate 1,B2,Final plate part 1,H17,125
ICE-0343,Plate 1,B2,Final plate part 1,H18,125
ICE-0344,Plate 1,B3,Final plate part 1,H19,125
ICE-0345,Plate 1,B3,Final plate part 1,H20,125
ICE-0346,Plate 1,B1,Final plate part 1,H21,125
ICE-0347,Plate 1,B1,Final plate part 1,H22,125
ICE-0348,Plate 1,B2,Final plate part 1,H23,125
ICE-0349,Plate 1,B2,Final plate part 1,I13,125
ICE-0350,Plate 1,B3,Final plate part 1,I14,125
ICE-0351,Plate 1,B3,Final plate part 1,I15,125
ICE-0352,Plate 1,B1,Final plate part 1,I16,125
ICE-0353,Plate 1,B1,Final plate part 1,I17,125
ICE-0354,Plate 1,B2,Final plate part 1,I18,125
ICE-0355,Plate 1,B2,Final plate part 1,I19,125
ICE-0356,Plate 1,B3,Final plate part 1,I20,125
ICE-0357,Plate 1,B3,Final plate part 1,I21,125
ICE-0358,Plate 1,B1,Final plate part 1,I22,125
ICE-0359,Plate 1,B1,Final plate part 1,I23,125
ICE-0360,Plate 1,B2,Final plate part 1,J13,125
ICE-0361,Plate 1,B2,Final plate part 1,J14,125
ICE-0362,Plate 1,B3,Final plate part 1,J15,125
ICE-0363,Plate 1,B3,Final plate part 1,J16,125
ICE-0364,Plate 1,B1,Final plate part 1,J17,125
ICE-0365,Plate 1,B1,Final plate part 1,J18,125
ICE-0366,Plate 1,B2,Final plate part 1,J19,125
ICE-0367,Plate 1,B2,Final plate part 1,J20,125
ICE-0368,Plate 1,B3,Final plate part 1,J21,125
ICE-0369,Plate 1,B3,Final plate part 1,J22,125
ICE-0316,Plate 1,B4,Final plate part 1,F13,125
ICE-0317,Plate 1,B5,Final plate part 1,F14,125
ICE-0318,Plate 1,B4,Final plate part 1,F15,125
ICE-0319,Plate 1,B5,Final plate part 1,F16,125
ICE-0320,Plate 1,B4,Final plate part 1,F17,125
ICE-0321,Plate 1,B5,Final plate part 1,F18,125
ICE-0322,Plate 1,B4,Final plate part 1,F19,125
ICE-0323,Plate 1,B5,Final plate part 1,F20,125
ICE-0324,Plate 1,B4,Final plate part 1,F21,125
ICE-0325,Plate 1,B5,Final plate part 1,F22,125
ICE-0326,Plate 1,B4,Final plate part 1,F23,125
ICE-0327,Plate 1,B5,Final plate part 1,G13,125
ICE-0328,Plate 1,B4,Final plate part 1,G14,125
ICE-0329,Plate 1,B5,Final plate part 1,G15,125
ICE-0330,Plate 1,B4,Final plate part 1,G16,125
ICE-0331,Plate 1,B5,Final plate part 1,G17,125
ICE-0332,Plate 1,B4,Final plate part 1,G18,125
ICE-0333,Plate 1,B5,Final plate part 1,G19,125
ICE-0334,Plate 1,B4,Final plate part 1,G20,125
ICE-0335,Plate 1,B5,Final plate part 1,G21,125
ICE-0336,Plate 1,B4,Final plate part 1,G22,125
ICE-0337,Plate 1,B5,Final plate part 1,G23,125
ICE-0338,Plate 1,B4,Final plate part 1,H13,125
ICE-0339,Plate 1,B5,Final plate part 1,H14,125
ICE-0340,Plate 1,B4,Final plate part 1,H15,125
ICE-0341,Plate 1,B5,Final plate part 1,H16,125
ICE-0342,Plate 1,B4,Final plate part 1,H17,125
ICE-0343,Plate 1,B5,Final plate part 1,H18,125
ICE-0344,Plate 1,B4,Final plate part 1,H19,125
ICE-0345,Plate 1,B5,Final plate part 1,H20,125
ICE-0346,Plate 1,B4,Final plate part 1,H21,125
ICE-0347,Plate 1,B5,Final plate part 1,H22,125
ICE-0348,Plate 1,B4,Final plate part 1,H23,125
ICE-0349,Plate 1,B5,Final plate part 1,I13,125
ICE-0350,Plate 1,B4,Final plate part 1,I14,125
ICE-0351,Plate 1,B5,Final plate part 1,I15,125
ICE-0352,Plate 1,B4,Final plate part 1,I16,125
ICE-0353,Plate 1,B5,Final plate part 1,I17,125
ICE-0354,Plate 1,B4,Final plate part 1,I18,125
ICE-0355,Plate 1,B5,Final plate part 1,I19,125
ICE-0356,Plate 1,B4,Final plate part 1,I20,125
ICE-0357,Plate 1,B5,Final plate part 1,I21,125
ICE-0358,Plate 1,B4,Final plate part 1,I22,125
ICE-0359,Plate 1,B5,Final plate part 1,I23,125
ICE-0360,Plate 1,B4,Final plate part 1,J13,125
ICE-0361,Plate 1,B5,Final plate part 1,J14,125
ICE-0362,Plate 1,B4,Final plate part 1,J15,125
ICE-0363,Plate 1,B5,Final plate part 1,J16,125
ICE-0364,Plate 1,B4,Final plate part 1,J17,125
ICE-0365,Plate 1,B5,Final plate part 1,J18,125
ICE-0366,Plate 1,B4,Final plate part 1,J19,125
ICE-0367,Plate 1,B5,Final plate part 1,J20,125
ICE-0368,Plate 1,B4,Final plate part 1,J21,125
ICE-0369,Plate 1,B5,Final plate part 1 ,J22,125
ICE-0370,Plate 1,B6,Final plate part 1 ,K13,125
ICE-0371,Plate 1,B6,Final plate part 1,K14,125
ICE-0372,Plate 1,B6,Final plate part 1,K15,125
ICE-0373,Plate 1,B6,Final plate part 1,K16,125
ICE-0374,Plate 1,B6,Final plate part 1,K17,125
ICE-0375,Plate 1,B6,Final plate part 1,K18,125
ICE-0376,Plate 1,B6,Final plate part 1,K19,125
ICE-0377,Plate 1,B6,Final plate part 1,K20,125
ICE-0378,Plate 1,B6,Final plate part 1,K21,125
ICE-0379,Plate 1,B6,Final plate part 1,K22,125
ICE-0380,Plate 1,B6,Final plate part 1,K23,125
ICE-0381,Plate 1,B6,Final plate part 1,L13,125
ICE-0382,Plate 1,B6,Final plate part 1,L14,125
ICE-0383,Plate 1,B6,Final plate part 1,L15,125
ICE-0384,Plate 1,B6,Final plate part 1,L16,125
ICE-0385,Plate 1,B6,Final plate part 1,L17,125
ICE-0386,Plate 1,B6,Final plate part 1,L18,125
ICE-0387,Plate 1,B6,Final plate part 1,L19,125
ICE-0388,Plate 1,A2,Final plate part 1,L20,125
ICE-0389,Plate 1,A2,Final plate part 1,L21,125
ICE-0390,Plate 1,A2,Final plate part 1,L22,125
ICE-0391,Plate 1,A2,Final plate part 1,L23,125
ICE-0392,Plate 1,A2,Final plate part 1,M13,125
ICE-0393,Plate 1,A2,Final plate part 1,M14,125
ICE-0394,Plate 1,A2,Final plate part 1,M15,125
ICE-0395,Plate 1,A2,Final plate part 1,M16,125
ICE-0396,Plate 1,A2,Final plate part 1,M17,125
ICE-0397,Plate 1,A2,Final plate part 1,M18,125
ICE-0398,Plate 1,A2,Final plate part 1,M19,125
ICE-0399,Plate 1,A2,Final plate part 1,M20,125
ICE-0400,Plate 1,A2,Final plate part 1,M21,125
ICE-0401,Plate 1,A2,Final plate part 1,M22,125
ICE-0402,Plate 1,A2,Final plate part 1,M23,125
ICE-0403,Plate 1,A2,Final plate part 1,N13,125
ICE-0404,Plate 1,A2,Final plate part 1,N14,125
ICE-0405,Plate 1,A2,Final plate part 1,N15,125
ICE-0406,Plate 1,A3,Final plate part 1,N16,125
ICE-0407,Plate 1,A3,Final plate part 1,N17,125
ICE-0408,Plate 1,A3,Final plate part 1,N18,125
ICE-0409,Plate 1,A3,Final plate part 1,N19,125
ICE-0410,Plate 1,A3,Final plate part 1,N20,125
ICE-0411,Plate 1,A3,Final plate part 1,N21,125
ICE-0412,Plate 1,A3,Final plate part 1,N22,125
ICE-0413,Plate 1,A3,Final plate part 1,N23,125
ICE-0414,Plate 1,A3,Final plate part 1,O13,125
ICE-0415,Plate 1,A3,Final plate part 1,O14,125
ICE-0416,Plate 1,A3,Final plate part 1,O15,125
ICE-0417,Plate 1,A3,Final plate part 1,O16,125
ICE-0418,Plate 1,A3,Final plate part 1,O17,125
ICE-0419,Plate 1,A3,Final plate part 1,O18,125
ICE-0420,Plate 1,A3,Final plate part 1,O19,125
ICE-0421,Plate 1,A3,Final plate part 1,O20,125
ICE-0422,Plate 1,A3,Final plate part 1,O21,125
ICE-0423,Plate 1,A3,Final plate part 1,O22,125
ICE-0370,Plate 1,A4,Final plate part 1,K13,125
ICE-0371,Plate 1,A4,Final plate part 1,K14,125
ICE-0372,Plate 1,A4,Final plate part 1,K15,125
ICE-0373,Plate 1,A4,Final plate part 1,K16,125
ICE-0374,Plate 1,A4,Final plate part 1,K17,125
ICE-0375,Plate 1,A4,Final plate part 1,K18,125
ICE-0376,Plate 1,A5,Final plate part 1,K19,125
ICE-0377,Plate 1,A5,Final plate part 1,K20,125
ICE-0378,Plate 1,A5,Final plate part 1,K21,125
ICE-0379,Plate 1,A5,Final plate part 1,K22,125
ICE-0380,Plate 1,A5,Final plate part 1,K23,125
ICE-0381,Plate 1,A5,Final plate part 1,L13,125
ICE-0382,Plate 1,A6,Final plate part 1,L14,125
ICE-0383,Plate 1,A6,Final plate part 1,L15,125
ICE-0384,Plate 1,A6,Final plate part 1,L16,125
ICE-0385,Plate 1,A6,Final plate part 1,L17,125
ICE-0386,Plate 1,A6,Final plate part 1,L18,125
ICE-0387,Plate 1,A6,Final plate part 1,L19,125
ICE-0388,Plate 1,A4,Final plate part 1,L20,125
ICE-0389,Plate 1,A4,Final plate part 1,L21,125
ICE-0390,Plate 1,A4,Final plate part 1,L22,125
ICE-0391,Plate 1,A4,Final plate part 1,L23,125
ICE-0392,Plate 1,A4,Final plate part 1,M13,125
ICE-0393,Plate 1,A4,Final plate part 1,M14,125
ICE-0394,Plate 1,A5,Final plate part 1,M15,125
ICE-0395,Plate 1,A5,Final plate part 1,M16,125
ICE-0396,Plate 1,A5,Final plate part 1,M17,125
ICE-0397,Plate 1,A5,Final plate part 1,M18,125
ICE-0398,Plate 1,A5,Final plate part 1,M19,125
ICE-0399,Plate 1,A5,Final plate part 1,M20,125
ICE-0400,Plate 1,A6,Final plate part 1,M21,125
ICE-0401,Plate 1,A6,Final plate part 1,M22,125
ICE-0402,Plate 1,A6,Final plate part 1,M23,125
ICE-0403,Plate 1,A6,Final plate part 1,N13,125
ICE-0404,Plate 1,A6,Final plate part 1,N14,125
ICE-0405,Plate 1,A6,Final plate part 1,N15,125
ICE-0406,Plate 1,A4,Final plate part 1,N16,125
ICE-0407,Plate 1,A4,Final plate part 1,N17,125
ICE-0408,Plate 1,A4,Final plate part 1,N18,125
ICE-0409,Plate 1,A4,Final plate part 1,N19,125
ICE-0410,Plate 1,A4,Final plate part 1,N20,125
ICE-0411,Plate 1,A4,Final plate part 1,N21,125
ICE-0412,Plate 1,A5,Final plate part 1,N22,125
ICE-0413,Plate 1,A5,Final plate part 1,N23,125
ICE-0414,Plate 1,A5,Final plate part 1,O13,125
ICE-0415,Plate 1,A5,Final plate part 1,O14,125
ICE-0416,Plate 1,A5,Final plate part 1,O15,125
ICE-0417,Plate 1,A5,Final plate part 1,O16,125
ICE-0418,Plate 1,A6,Final plate part 1,O17,125
ICE-0419,Plate 1,A6,Final plate part 1,O18,125
ICE-0420,Plate 1,A6,Final plate part 1,O19,125
ICE-0421,Plate 1,A6,Final plate part 1,O20,125
ICE-0422,Plate 1,A6,Final plate part 1,O21,125
ICE-0423,Plate 1,A6,Final plate part 1,O22,125
ICE-0370,Plate 1,B1,Final plate part 1,K13,125
ICE-0371,Plate 1,B1,Final plate part 1,K14,125
ICE-0372,Plate 1,B2,Final plate part 1,K15,125
ICE-0373,Plate 1,B2,Final plate part 1,K16,125
ICE-0374,Plate 1,B3,Final plate part 1,K17,125
ICE-0375,Plate 1,B3,Final plate part 1,K18,125
ICE-0376,Plate 1,B1,Final plate part 1,K19,125
ICE-0377,Plate 1,B1,Final plate part 1,K20,125
ICE-0378,Plate 1,B2,Final plate part 1,K21,125
ICE-0379,Plate 1,B2,Final plate part 1,K22,125
ICE-0380,Plate 1,B3,Final plate part 1,K23,125
ICE-0381,Plate 1,B3,Final plate part 1,L13,125
ICE-0382,Plate 1,B1,Final plate part 1,L14,125
ICE-0383,Plate 1,B1,Final plate part 1,L15,125
ICE-0384,Plate 1,B2,Final plate part 1,L16,125
ICE-0385,Plate 1,B2,Final plate part 1,L17,125
ICE-0386,Plate 1,B3,Final plate part 1,L18,125
ICE-0387,Plate 1,B3,Final plate part 1,L19,125
ICE-0388,Plate 1,B1,Final plate part 1,L20,125
ICE-0389,Plate 1,B1,Final plate part 1,L21,125
ICE-0390,Plate 1,B2,Final plate part 1,L22,125
ICE-0391,Plate 1,B2,Final plate part 1,L23,125
ICE-0392,Plate 1,B3,Final plate part 1,M13,125
ICE-0393,Plate 1,B3,Final plate part 1,M14,125
ICE-0394,Plate 1,B1,Final plate part 1,M15,125
ICE-0395,Plate 1,B1,Final plate part 1,M16,125
ICE-0396,Plate 1,B2,Final plate part 1,M17,125
ICE-0397,Plate 1,B2,Final plate part 1,M18,125
ICE-0398,Plate 1,B3,Final plate part 1,M19,125
ICE-0399,Plate 1,B3,Final plate part 1,M20,125
ICE-0400,Plate 1,B1,Final plate part 1,M21,125
ICE-0401,Plate 1,B1,Final plate part 1,M22,125
ICE-0402,Plate 1,B2,Final plate part 1,M23,125
ICE-0403,Plate 1,B2,Final plate part 1,N13,125
ICE-0404,Plate 1,B3,Final plate part 1,N14,125
ICE-0405,Plate 1,B3,Final plate part 1,N15,125
ICE-0406,Plate 1,B1,Final plate part 1,N16,125
ICE-0407,Plate 1,B1,Final plate part 1,N17,125
ICE-0408,Plate 1,B2,Final plate part 1,N18,125
ICE-0409,Plate 1,B2,Final plate part 1,N19,125
ICE-0410,Plate 1,B3,Final plate part 1,N20,125
ICE-0411,Plate 1,B3,Final plate part 1,N21,125
ICE-0412,Plate 1,B1,Final plate part 1,N22,125
ICE-0413,Plate 1,B1,Final plate part 1,N23,125
ICE-0414,Plate 1,B2,Final plate part 1,O13,125
ICE-0415,Plate 1,B2,Final plate part 1,O14,125
ICE-0416,Plate 1,B3,Final plate part 1,O15,125
ICE-0417,Plate 1,B3,Final plate part 1,O16,125
ICE-0418,Plate 1,B1,Final plate part 1,O17,125
ICE-0419,Plate 1,B1,Final plate part 1,O18,125
ICE-0420,Plate 1,B2,Final plate part 1,O19,125
ICE-0421,Plate 1,B2,Final plate part 1,O20,125
ICE-0422,Plate 1,B3,Final plate part 1,O21,125
ICE-0423,Plate 1,B3,Final plate part 1,O22,125
ICE-0370,Plate 1,B4,Final plate part 1,K13,125
ICE-0371,Plate 1,B5,Final plate part 1,K14,125
ICE-0372,Plate 1,B4,Final plate part 1,K15,125
ICE-0373,Plate 1,B5,Final plate part 1,K16,125
ICE-0374,Plate 1,B4,Final plate part 1,K17,125
ICE-0375,Plate 1,B5,Final plate part 1,K18,125
ICE-0376,Plate 1,B4,Final plate part 1,K19,125
ICE-0377,Plate 1,B5,Final plate part 1,K20,125
ICE-0378,Plate 1,B4,Final plate part 1,K21,125
ICE-0379,Plate 1,B5,Final plate part 1,K22,125
ICE-0380,Plate 1,B4,Final plate part 1,K23,125
ICE-0381,Plate 1,B5,Final plate part 1,L13,125
ICE-0382,Plate 1,B4,Final plate part 1,L14,125
ICE-0383,Plate 1,B5,Final plate part 1,L15,125
ICE-0384,Plate 1,B4,Final plate part 1,L16,125
ICE-0385,Plate 1,B5,Final plate part 1,L17,125
ICE-0386,Plate 1,B4,Final plate part 1,L18,125
ICE-0387,Plate 1,B5,Final plate part 1,L19,125
ICE-0388,Plate 1,B4,Final plate part 1,L20,125
ICE-0389,Plate 1,B5,Final plate part 1,L21,125
ICE-0390,Plate 1,B4,Final plate part 1,L22,125
ICE-0391,Plate 1,B5,Final plate part 1,L23,125
ICE-0392,Plate 1,B4,Final plate part 1,M13,125
ICE-0393,Plate 1,B5,Final plate part 1,M14,125
ICE-0394,Plate 1,B4,Final plate part 1,M15,125
ICE-0395,Plate 1,B5,Final plate part 1,M16,125
ICE-0396,Plate 1,B4,Final plate part 1,M17,125
ICE-0397,Plate 1,B5,Final plate part 1,M18,125
ICE-0398,Plate 1,B4,Final plate part 1,M19,125
ICE-0399,Plate 1,B5,Final plate part 1,M20,125
ICE-0400,Plate 1,B4,Final plate part 1,M21,125
ICE-0401,Plate 1,B5,Final plate part 1,M22,125
ICE-0402,Plate 1,B4,Final plate part 1,M23,125
ICE-0403,Plate 1,B5,Final plate part 1,N13,125
ICE-0404,Plate 1,B4,Final plate part 1,N14,125
ICE-0405,Plate 1,B5,Final plate part 1,N15,125
ICE-0406,Plate 1,B4,Final plate part 1,N16,125
ICE-0407,Plate 1,B5,Final plate part 1,N17,125
ICE-0408,Plate 1,B4,Final plate part 1,N18,125
ICE-0409,Plate 1,B5,Final plate part 1,N19,125
ICE-0410,Plate 1,B4,Final plate part 1,N20,125
ICE-0411,Plate 1,B5,Final plate part 1,N21,125
ICE-0412,Plate 1,B4,Final plate part 1,N22,125
ICE-0413,Plate 1,B5,Final plate part 1,N23,125
ICE-0414,Plate 1,B4,Final plate part 1,O13,125
ICE-0415,Plate 1,B5,Final plate part 1,O14,125
ICE-0416,Plate 1,B4,Final plate part 1,O15,125
ICE-0417,Plate 1,B5,Final plate part 1,O16,125
ICE-0418,Plate 1,B4,Final plate part 1,O17,125
ICE-0419,Plate 1,B5,Final plate part 1,O18,125
ICE-0420,Plate 1,B4,Final plate part 1,O19,125
ICE-0421,Plate 1,B5,Final plate part 1,O20,125
ICE-0422,Plate 1,B4,Final plate part 1,O21,125
ICE-0423,Plate 1,B5,Final plate part 1,O22,125
